INSERT INTO system_role (system_role_name_enum)
VALUES ('ROLE_SUPER_ADMIN'),
       ('ROLE_ADMIN'),
       ('ROLE_USER');

 -- Viloyatlar
INSERT INTO region(id, name_uz, name_ru)
VALUES (35, 'Qoraqalpog`iston Respublikasi', 'ҚОРАҚАЛПОҒИСТОН РЕСП'),
       (3, 'Andijon viloyati', 'АНДИЖОН ВИЛОЯТИ'),
       (6, 'Buxoro viloyati', 'БУХОРО ВИЛОЯТИ'),
       (8, 'Jizzax viloyati', 'ЖИЗЗАХ ВИЛОЯТИ'),
       (10, 'Qashqadaryo viloyati', 'ҚАШҚАДАРЁ ВИЛОЯТИ'),
       (12, 'Navoiy viloyati', 'НАВОИЙ ВИЛОЯТИ'),
       (14, 'Namangan viloyati', 'НАМАНГАН ВИЛОЯТИ'),
       (18, 'Samarqand viloyati', 'САМАРҚАНД ВИЛОЯТИ'),
       (22, 'Surxondaryo viloyati', 'СУРХОНДАРЁ ВИЛОЯТИ'),
       (24, 'Sirdaryo viloyati', 'СИРДАРЁ ВИЛОЯТИ'),
       (27, 'Toshkent viloyati', 'ТОШКЕНТ ВИЛОЯТИ'),
       (30, 'Farg`ona viloyati', 'ФАРҒОНА ВИЛОЯТИ'),
       (33, 'Xorazm viloyati', 'ХОРАЗМ ВИЛОЯТИ'),
       (26, 'Toshkent shahri', 'ТОШКЕНТ ШАҲАР');

-- Tumanlar
INSERT INTO district(region_id, name_uz, name_ru)
VALUES (35, 'Nukus shahri', 'Nukus shahri'),
       (35, 'Kegayli tumani', 'Kegayli tumani'),
       (35, 'Shumanay tumani', 'Shumanay tumani'),
       (35, 'Qo`ng`irot tumani', 'Qo`ng`irot tumani'),
       (35, 'Muynak tumani', 'Muynak tumani'),
       (35, 'Nukus tumani', 'Nukus tumani'),
       (35, 'Taxtako`pir tumani', 'Taxtako`pir tumani'),
       (35, 'To`rtko`l tumani', 'To`rtko''l'),
       (35, 'Xujayli tumani', 'Xujayli tumani'),
       (35, 'Chimboy tumani', 'Chimboy tumani'),
       (35, 'Beruniy tumani', 'Beruniy tumani'),
       (35, 'Konliko`l tumani', 'Konliko`l tuman'),
       (35, 'Karauzak tumani', 'Karauzak tumani'),
       (35, 'Ellikqal`a tumani', 'Ellikqal`a tuman'),
       (35, 'Taxiyatosh shahri', 'Taxiyatosh shahri'),
       (35, 'Amudaryo tumani', 'Amudaryo tumani'),
       (3, 'Andijon shahri', 'Andijon shahri'),
       (3, 'Andijon tumani', 'Andijon tumani'),
       (3, 'Asaka shahri', 'Asaka shahri'),
       (3, 'Xonobod shahri', 'Xonobod shahri'),
       (3, 'Shahxiron tumani', 'Shahxiron tumani'),
       (3, 'Asaka tumani', 'Asaka tumani'),
       (3, 'Baliqchi tumani', 'Baliqchi tumani'),
       (3, 'Bo`z tumani', 'Bo`z tumani'),
       (3, 'Buloqboshi tumani', 'Buloqboshi tumani'),
       (3, 'Jalaquduq tumani', 'Jalaquduq tumani'),
       (3, 'Izboskan tumani', 'Izboskan tumani'),
       (3, 'Ulug`nor tumani', 'Ulug`nor tuman'),
       (3, 'ҚОРАСУВ ШАҲАР', 'Qorasuv shahri'),
       (3, 'Qo`rg`ontepa tumani', 'Qo`,rg`ontepa tumani'),
       (3, 'Marhamat tumani', 'Marhamat tumani'),
       (3, 'Oltinko`l tumanitumani', 'Oltinko''l'),
       (3, 'Pahtaobod tumani', 'Pahtaobod tumani'),
       (3, 'Ho`jaobod tumani', 'Ho`jaobod tumani'),
       (6, 'Buxoro shahri', 'Buxoro shahri'),
       (6, 'Buxoro tumani', 'Buxoro tumani'),
       (6, 'G‘ijduvon', 'G‘ijduvon'),
       (6, 'Jondor', 'Jondor'),
       (6, 'Kogon shahri', 'Kogon shahri'),
       (6, 'Kogon tumani', 'Kogon tumani'),
       (6, 'Olot', 'Olot'),
       (6, 'Peshku', 'Peshku'),
       (6, 'Qorako‘l', 'Qorako''l'),
       (6, 'Qorovulbozor', 'Qorovulbozor'),
       (6, 'Romitan', 'Romitan'),
       (6, 'Shofirkon', 'Shofirkon'),
       (6, 'Vobkent', 'Vobkent'),
       (8, 'Jizzax shahri', 'Jizzax shahri'),
       (8, 'Pahtakor tumani', 'Pahtakor tumani'),
       (8, 'G`allaorol', 'G`allaorol'),
       (8, 'Do`stlik', 'Do`stlik'),
       (8, 'Mirzacho`l', 'Mirzacho`l'),
       (8, 'Zomin', 'Zomin'),
       (8, 'Yangiobod', 'Yangiobod'),
       (8, 'Baxmal', 'Baxmal'),
       (8, 'Forish', 'Forish'),
       (8, 'Zafarobod', 'Zafarobod'),
       (8, 'Jizzax tumani', 'Jizzax tumani'),
       (8, 'Arnasoy', 'Arnasoy'),
       (8, 'Zarbdor', 'Zarbdo'),
       (10, 'Chiroqchi tumani', 'Chiroqchi tumani'),
       (10, 'Dehqonobod tumani', 'Dehqonobod tumani'),
       (10, 'G‘uzor tumani', 'G‘uzor tumani'),
       (10, 'Kasbi tumani', 'Kasbi tumani'),
       (10, '	Kitob tumani', 'Kitob tumani'),
       (10, 'Koson tumani', 'Koson tumani'),
       (10, 'Mirishkor tumani', 'Mirishkor tumani'),
       (10, 'Muborak tumani', 'Muborak tumani'),
       (10, 'Nishon tumani', 'Nishon tumani'),
       (10, 'Qamashi tumani', 'Qamashi tumani'),
       (10, 'Qarshi shahar', 'Qarshi shahar'),
       (10, 'Qarshi tumani', 'Qarshi tumani'),
       (10, 'Yakkabog‘ tumani', 'Yakkabog‘ tumani'),
       (12, 'Konimex tumani', 'Konimex tumani'),
       (12, 'Karmana tumani', 'Karmana tumani'),
       (12, 'Qiziltepa tumani', 'Qiziltepa tumani'),
       (12, 'Xatirchi tumani', 'Xatirchi tumani'),
       (12, 'Navbahor tumani', 'Navbahor tumani'),
       (12, 'Nurota tumani', 'Nurota tumani'),
       (12, 'Tomdi tumani', 'Tomdi tumani'),
       (12, 'Uchquduq tumani', 'Uchquduq tumani'),
       (14, 'Chortoq tumani', 'Chortoq tumani'),
       (14, 'Chust tumani', 'Chust tumani'),
       (14, 'Kosonsoy tumani', 'Kosonsoy tumani'),
       (14, 'Mingbuloq shahar', 'Mingbuloq shahar'),
       (14, 'Namangan shahar', 'Namangan shahar'),
       (14, 'Namangan tumani', 'Namangan tumani'),
       (14, 'Norin tumani', 'Norin tumani'),
       (14, 'Pop tumani', 'Pop tumani'),
       (14, 'To‘raqo‘rg‘on tumani', 'To''raqo''rg''on tumani'),
       (14, 'Uychi tumani', 'Uychi tumani'),
       (18, 'Bulung‘ur tumani', 'Bulung‘ur tumani'),
       (18, 'Ishtixon  tumani', 'Ishtixon  tumani'),
       (18, 'Jomboy tumani', 'Jomboy tumani'),
       (18, 'Kattaqurg‘on shahar', 'Kattaqurg‘on shahar'),
       (18, 'Kattaqurg‘on tumani', 'Kattaqurg‘on tumani'),
       (18, 'Narpay tumani', 'Narpay tumani'),
       (18, 'Nurobod tumani', 'Nurobod tumani'),
       (18, 'Oqdaryo tumani', 'Oqdaryo tumani'),
       (18, 'Pastdarg‘om tumani', 'Pastdarg‘om tumani'),
       (18, 'Paxtachi tumani', 'Paxtachi tumani'),
       (18, 'Payariq tumani', 'Payariq tumani'),
       (18, 'Qo‘shrabot tumani', 'Qo''shrabot tumani'),
       (18, 'Samarqand shahri', 'Samarqand shahri'),
       (18, 'Samarqand tumani', 'Samarqand tumani'),
       (18, 'Tayloq tumani', 'Tayloq tumani'),
       (18, 'Urgut tumani', 'Urgut tumani'),
       (22, 'Termiz shahri', 'Termiz shahri'),
       (22, 'Boysun tumani', 'Boysun tumani'),
       (22, 'Denov tumani', 'Denov tumani'),
       (22, 'Jarqo`rg`on shahar', 'Jarqo`,`rg`on shahar'),
       (22, 'Muzrobod tumani', 'Muzrobod tumani'),
       (22, 'Sherobod tumani', 'Sherobod tumani'),
       (22, 'Shurchi tumani', 'Shurchi tumani'),
       (22, 'Qumqo`rg`on tumani', 'Qumqo`rg`on tumani'),
       (22, 'Uzun tumani', 'Uzun tumani'),
       (22, 'Sariosiyo tumani', 'Sariosiyo tumani'),
       (22, 'Qiziriq tumani', 'Qiziriq tumani'),
       (22, 'Angor tumani', 'Angor tumani'),
       (22, 'Termiz tumani', 'Termiz tumani'),
       (22, 'Oltinsoy tumani', 'Oltinsoy tumani'),
       (22, 'Bandixon tumani', 'Bandixon tumani'),
       (24, 'Boyovut tumani', 'Boyovut tumani'),
       (24, 'Guliston shahri', 'Guliston shahri'),
       (24, 'Guliston tumani', 'Guliston tumani'),
       (24, 'Mirzaobod tumani', 'Mirzaobod tumani'),
       (24, 'Oqoltin tumani', 'Oqoltin tumani'),
       (24, 'Sardoba tumani', 'Sardoba tumani'),
       (24, 'Sayxunobod tumani', 'Sayxunobod tumani'),
       (24, 'Shirin shahri', 'Shirin shahri'),
       (24, 'Sirdaryo', 'Sirdaryo'),
       (24, 'Xovos tumani', 'Xovos tumani'),
       (24, 'Yangiyer shahri', 'Yangiyer shahri'),
       (27, 'Angren shahri', 'Angren shahri'),
       (27, 'Bekobod shahri', 'Bekobod shahri'),
       (27, 'Bekobod tumani', 'Bekobod tumani'),
       (27, 'Bo‘ka tumani', 'Bo‘ka tumani'),
       (27, 'Bo‘stonliq tumani', 'Bo‘stonliq tumani'),
       (27, 'Chinoz tumani', 'Chinoz tumani'),
       (27, 'Chirchiq shahri', 'Chirchiq shahri'),
       (27, 'Ohangaron tumani', 'Ohangaron tumani'),
       (27, 'Olmaliq shahri', 'Olmaliq shahri'),
       (27, 'Oqqo‘rg‘on tumani', 'Oqqo‘,rg‘on tumani'),
       (27, 'Parkent tumani', 'Parkent tumani'),
       (27, 'Piskent tumani', 'Piskent tumani'),
       (27, 'Qibray tumani', 'Qibray tumani'),
       (27, 'Quyichirchiq tumani', 'Quyichirchiq tumani'),
       (27, 'Yangiyo‘l tumani', 'Yangiyo‘l tumani'),
       (27, 'Yuqorichirchiq tumani', 'Yuqorichirchiq tumani'),
       (27, 'Zangiota tumani', 'Zangiota tumani'),
       (30, 'Beshariq tumani', 'Beshariq tumani'),
       (30, 'Bog‘dod tumani', 'Bog‘dod tuman'),
       (30, 'Buvayda tumani', 'Buvayda tumani'),
       (30, 'Dang‘ara tumani', 'Dang‘ara tuman'),
       (30, 'Farg‘ona shahri', 'Farg‘ona shahri'),
       (30, 'Farg‘ona tumani', 'Farg‘ona tuman'),
       (30, 'Furqat tumani', 'Furqat tumani'),
       (30, 'Marg‘ilon shahri', 'Marg‘ilon shahri'),
       (30, 'Oltiariq tumani', 'Oltiariq tumani'),
       (30, 'O‘zbekiston tumani', 'O''zbekiston tumani'),
       (30, 'Qo‘qon shahri', 'Qo‘qon shahri'),
       (30, 'Qo‘shtepa tumani', 'Qo‘shtepa tumani'),
       (30, 'Quva tumani', 'Quva tumani'),
       (30, 'Quvasoy shahri', 'Quvasoy shahri'),
       (30, 'Rishton tumani', 'Rishton tumani'),
       (30, 'So‘x tumani', 'So‘x tumani'),
       (30, 'Toshloq tumani', 'Toshloq tumani'),
       (30, 'Uchko‘prik tumani', 'Uchko‘prik tuman'),
       (30, 'Yozyovon tumani', 'Yozyovon tumani'),
       (33, 'Bog‘ot tumani', 'Bog‘ot tumani'),
       (33, 'Gurlan tumani', 'Gurlan tumani'),
       (33, 'Honqa tumani', 'Honqa tumani'),
       (33, 'Qo‘shko‘pir tumani', 'Qo‘shko''pir tumani'),
       (33, 'Shovot tumani', 'Shovot tumani'),
       (33, 'Urganch shahri', 'Urganch shahri'),
       (33, 'Urganch tumani', 'Urganch tumani'),
       (33, 'Xazorasp tumani', 'Xazorasp tumani'),
       (33, 'Xiva tumani', 'Xiva tumani'),
       (33, 'Yangiariq tumani', 'Yangiariq tumani'),
       (33, 'Yangibozor tumani', 'Yangibozor tumani'),
       (26, 'Bektemir tumani', 'Bektemir tumani'),
       (26, 'Chilonzor tumani', 'Chilonzor tumani'),
       (26, 'Mirobod tumani', 'Mirobod tumani'),
       (26, 'Mirzo Ulug‘bek tumani', 'Mirzo Ulug‘bek tumani'),
       (26, 'Olmazor tumani', 'Olmazor tumani'),
       (26, 'Sergeli tumani', 'Sergeli tumani'),
       (26, 'Shayxontohur tumani', 'Shayxontohur tumani'),
       (26, 'Uchtepa tumani', 'Uchtepa tumani'),
       (26, 'Yakkasaroy tumani', 'Yakkasaroy tumani'),
       (26, 'Yashnobod tumani', 'Yashnobod tumani'),
       (26, 'Yunusobod tumani', 'Yunusobod tumani');
